owner_id, project_name, commit_hash, old_val, new_val
10001810,t3kit,9f631ec8e99d1af9a54a0213aa454d7da68358b5,2.1,3.1
10021339,openprescribing,f06a6d25e0395eaa815832b6aa1deacbb142456f,2,2.1
10021339,openprescribing,73aecaa9d7e4f116344135f5b183b598d06c4e06,2.1,2
10021339,openprescribing,c421ab00ae54682632e9f6f419f83c8a6d445574,2,2.1
10070724,gameon-sweep,eb3d317a8faf4614cf5cc5112260d8841d535d5a,2,2.1
10126402,website,686accff0d44d85a2a5dbaad2b948e3fe802be30,2,3.2
10128916,atlas,9fb3b244ec40a80fc6b244b1516b4868da9df644,3.0,3.5
10193576,dbs-back,317827af9d619bd2b2b3617eb39ee68b28d1f5b2,3.2,2
1022450,electricitymap,90e17b63e3467a264e95c601250bb6cbd4056742,2,3.2
1022450,electricitymap,834618252b8f034c9d22f97a69ad978e67f5fcf5,3.2,3.5
10369230,popcode,705df7df23bb18d36160d8310faa3ed2c2263bb4,3,3.7
10380049,softwarecraftsmanshipgc.github.io,9e48ad6b015cda8f6d1e27a965de89698b5f0503,2,3.4
105701,WebODM,f310826f14a969879d0af527e93d3f3552c011c1,2,2.1
10585786,pipeline,243d572290c487770a72652f11df8482ae8a1286,2,2.3
10585786,pipeline,a00e2b610760f619871ea9097ba18153034c9945,2.3,2.0
10585786,pipeline,1895e3b155cb7cbc111d201445e00cc045a52239,2.0,2
10585786,pipeline,75f1395bc2a7b40e7ffe241edb0d96df2062cfbe,2,2.3
10606682,womenrising,a3c149a220cd8bdd19aa0ff77b0cb459d3dd2211,2,3
10663333,dbmate,4e01c75eca658605a04c4701da8512088df35fd4,2.1,2.3
10910753,webui-aria2,15ad0ede2b498d5e21d9e60a8c02d113d2614102,2,3
10910753,webui-aria2,561458de643d157053e49e71a9be77529217e65f,3,2.3
10910753,webui-aria2,fa087cf91beaa57a979b5d2d31c3a2e2acdcb8fd,2.3,3.7
10966336,notify.moe,1a63d04e6408068a50bd883835015f281296e3e1,3,3.4
10966336,notify.moe,89766a526559185db89087d6fbc686982065d96e,3.4,3.7
110694,BlogSpider,ec81f6d0618ee0d897bad54ea415bf8b45137d69,2,3
11091938,GroupButler,4656876d4e6a971b0097514bc2c42ab5442a1e7f,3.3,3.6
1116987,santropol-feast,ab58c088ccf97de5d194579cd3baf0b13392c489,2,3
1116987,sous-chef,ab58c088ccf97de5d194579cd3baf0b13392c489,2,3
11262773,tmlpstats,00febc3e6226cca8abab05883e538f504c442f9e,2,2.1
11308795,yarpc-go,2fc04debcb9db630bde96c85f2a53c78a09d8735,2,2.1
11370803,mern-starter,b0f19bd82dd5e06330f21e5fc7264d98199542a1,3,3.4
11434407,pyaddepar,629eea2a61becd3f9228a611cb25b13b5443ca14,2,3.4
11434407,pyutil,a91811143ed461b0db9a7583ed7cc03dfb78c8ec,2,3.3
11434407,pyutil,475b6f08a359637cdc76a7448dc2a6fa3cf838d1,3.3,3.4
11434407,pyutil,ac4094330f68f5c483134f0562d1cd61bc0932db,3.4,3.6
1146,addons-server,8a646cadc436430138b3bb63eb2ca07dc6670cbf,2,2.3
11571718,website,965e42cd22a29843ecbbea5ed01d69b67bc49ed5,2,3
11580850,scinote-web,4b3d752290c3ff9cfc0044139c4c7da77fe4bfc0,2.1,2
116358,OIPA,e666324d8773df673e4a503a36160ff6606e2f63,2,3
116548,ios,02a527bfb3a429f059f87877be6642c000f7df05,3,2
11693976,dbt,da2d7ea8c0eebcd1fc49e3e22cd1674d6727ff42,2,3.5
11699622,hav,2f030ec1f6467c14c75d69b76ce8b9e31ae4c634,2,3
11699622,hav,34a040066d51eec4dd09224fa52cd904f1db83de,3,2
11699622,hav,c464cad160c3ecbbd282891727f5794b67666c78,3,3.7
11802837,smart-meter,b9b8a88ef0942370011c3ceb54ed83ad3a2bc3fb,3,3.1
11868133,laundree,6ac0503becaf1865e8cbb90f462c0c37f5501f49,2,3
1196704,uchan,03186a36a3b82ae8a738df908431b4bd291b3ba2,3,2.1
12144124,od-ot,f276bb09a3e08fba163473129fbcc733ff189013,2,3
12222982,leprikon,5969aa4684f5d8398a271a9da46737df8a95a6f5,2,3.4
12301919,supergiant,4fe045c8825cf9c8d7aca584eef614a810e2d7e1,2,3.7
12301919,supergiant,06e80647c560ee9b41b384514277a644237b6857,3.7,3
12301919,supergiant,44e93ce70f55221613f58b4983624fee4412999e,3,2
12301919,supergiant,77aea26ec2b6afae1aa879bd81eddbdfa654eee4,2,2.3
12761021,opt,a6c4c2282344c1b6e40eaa50b0a3b7936a7270e8,2,2.2
12761021,opt,fcc250604fbdec7cb3de6687f7ff08d71a394317,2.2,2.4
128498,NodeGoat,79964a7b60c3b54d6b7317e36fb70592a271d2cf,2.0,3.7
1285570,node-cqrs-framework,32dbdd81006b9444dd4ae3da635be0bf52b6da64,2,3.2
1310397,MockResponse,3dd4ed02f4e50106d71a443d73150eda7bbcd51d,2,3
13168660,Behandlungsjournal,21dd16957648b769c488749ad5365b9e911d4d8f,2,3
131730,django-clock,76b39a1249f74c9a6afa186c979bb82818565359,2,3
13224316,airflow-pipeline,16a5665334a2ae9ce81ccb208e3db2cd77817b87,2,2.3
134408,redmine_issue_badge,fdfd93d4e853422067e58174d3c68a0ac430a9d5,3,3.2
134408,redmine_issue_templates,f9a8a1e1061bb91db9263c8fa636872fa7e2d996,3,3.2
1346693,wp-ppo,f766a04f96a26d6ae7531cf6fbcc7137cc017b7b,2,3
13608866,DockerFinder,180456d35894487a2665d7f09c3c9f78ddb24e8b,2,3
1369375,geotrellis-site,6fa845d9739d8fc9c618331fa04b9ff4c3384989,2,2.1
1369375,geotrellis-site,07a2a1682ecbb52fee4a2df2000422bcf9692ee6,2.1,3
13699164,appstore,046344ec86a82c706745268d914aeb7d96296988,3,2
14031471,course-mapper,2789ead1f1e431f384038b7706e42685a39a73a3,2,3
14105322,iiif-bookshelf-webapp,746451133e678d7979c34f81f61a091ca5fe2a6a,2,3
14105322,iiif-bookshelf-webapp,284beb7b6a5d38fe569c8d36b8dd1eec6cd466bf,3,2
14105322,iiif-bookshelf-webapp,8ef439712b26c0edb2f2e7a0fe373fcf93d8f247,2,3
141448,react-flux-gulp-starter,1f50fdb5e313b91053ba2204abffb52219143478,2,2.1
142687,MARCEL,14074d6b1acff18b8d319163da0a1c692c2bb1ff,3,3.0
1439008,ex-libris,21d2a37ffc0654fb41838b5dd6bedef973150831,2,3
14498946,runner,3d43f181b1ac589dfd95f2b75c19d89ff13acf19,2,2.2
14498946,web,53bc355cd17159bad6267752b265344921b64821,2,2.2
1483843,clojure-template,fa48596f5e3935bec0c5a71cca11dbaf8f7fd3be,2,3
1483843,koa-react-isomorphic,69b13ba55439e1e15adadef8727f648126747f61,2,3
150573,medic-analytics,d02664034a25f4aac7d0921c9f8c4e158ad7021c,2,2.2
1528350,ocl_web,3a1ae637aa76cb38df9c2ba542b46c7d0e065b42,3.1,2.0
1528350,ocl_web,bde86100f814a4b15be588fa0be5d278c8707acc,2.0,2.1
153034,cp-local-development,ed0a89cd095615aabdef7acce07d8114619d7bc0,3,3.3
154662,ranked,9fd74c0c1e5a3ee6d2798c83defe930cafd9be18,2,3
154662,ranked,d7b8b6668b34b437911a7ae9e73faa84e64cb4a2,3,4
154662,ranked,89ee7eb4b5330d7bac767c6ac664e6bb9b55a6e0,4,3
154662,ranked,ce1eb76bbdbd248faec9166e559d1e6307ac6a88,3,5
154662,ranked,21e97e11be135dc38984e8f410631bbfc99a124e,5,4
154662,ranked,9cafdcea7f3df5a02627284b91424499c6916dfa,4,3.6
154662,ranked,c64573263e0486b4186a87e7eec7aaf698c1ef32,3.6,3.2
154662,ranked,80f1055f017d84afe63009ed87ffe4faa5cb7ed4,3.2,3.7
157646,icu,f63ab76cf8b2d3e95a6170f5625b4017284a9318,3,2
1594437,fablab-manager,bd3aa2fc670bbe1a026385549de563ac2a19502a,2,3
168733,build-a-saas-app-with-flask,0f9eee380b7e38c10f6b3e7b69dd1cdf6695c52a,2,3.4
171757,activeadmin_settings_cached,2e41d7059cf3a65a7ea09ed747d6b2ac4e4b9ecb,2,3.3
1721664,docker-centos-openssh,f047bf330ecaa7c980c5e161d48bbaa52e0a7269,2,3
1786453,django-DefectDojo,b1c6dc0e7b25d1009fe8844b7291f3b49c61fdef,3.3,3.4
1786453,django-DefectDojo,200ce946d2d13922e613158cc13fb6a1b0c7da6f,3.4,3.7
178719,api-platform,e7e1ed6b87920ba21e923d797139a5f02f62d387,2,2.1
178719,api-platform,0726c249e090f73d28d6f2f7d1cfe93a1ae70fe9,2.1,2
178719,api-platform,a5850204a416dd020f57edd4e9ef149fbd2d6348,2,3
178719,api-platform,bdf7f3df122e0337153e9aeb64de009316cecf6e,3,3.2
178719,api-platform,a87f074234b3e5f3cc6e742bd82f5957fa5145dd,3.2,3.4
18076,tdnm,15483bc073063e11605833f3db5ff6b87a1d81bc,2,3
1830500,chat-sharelatex,08b1ff984098ccb7b4d8f693e303fe8b64428c8f,2,3.1
183088,easy-jenkins,6a76733d74c3b9c4cdf43d99acc698f8be24f65f,2,3
183088,easy-jenkins,a65b2e6de5c759f9f55c7e1720ab77ed8074649b,3,3.3
184620,redzilla,7f5a90e89fefa737fa6540fc3cc748df164d746e,2,3
192458,data-hub-in-a-box,02b3350fc1149dc937fd1a880a3da534f0ecb1fd,2,3
1981073,osf.io,74afe9ac5530104fbce20ad01d70ab055d7f36da,2,2.1
1981073,osf.io,c0b2257baf9589977954d689e690236711a0d348,2.1,3
1981073,osf.io,9028e8b589dfc666d0a4231be14cd2797034dcb8,3,3.4
1997066,walle-web,eeaa15c847322e51209df5b3b8de4b42efd288ff,3.6,3.7
2049524,quantum,0d71b0faa63605472427c07885181778f4b676dd,2,2.1
210211,pender,010e95abceae094a2663f92504c6ca2f85ad456e,3,2.1
21051,dotfiles,413cee866bd4031ad9497322c0edc45eb6249d78,2,3
2141459,gocryptotrader,cf1d8b2a24e067af67d27c32f7dd5f4ed2ec4bce,2,3
218202,featuring,a7324e24cb7670a7caeb1147cc591ed37e829d7d,2,3.5
220449,pacifica-reporting,c5afff04c631a03294c138125ee7600fe20eadd2,2,3.3
22065,amzn-recs,9d3d160a9175693c56654d66e7931a6d8b236ec8,3,3.1
22533416,shlink,425f2544531c06b7fed7ba2d4574e136846fda98,2,3
22576780,enterprise,baafb7c71cae2acd49c6b1cf0cae81cea21f353e,2,3
22576780,enterprise,64457719e1eb9740f3f5eb94d284fcde57da6726,3,2.1
22576780,server,4422f1f38bb1ed9c0c6c423f6cb0b7d356c3ff64,2,3
22576780,server,bd4efd40092d6ff2d42884855bea3c2b652b2fae,3,2.1
23163,nymph,322251f1cd2510696b11db41ff2050dc824d6ac7,3.3,3.0
23163,nymph,e99b6010e39b1d0f7d2164ab24c37be574e45563,3.0,3.1
2389641,ByNight,113f32f83564c9493b47c50a07efd24b30cd8332,2,3.2
24211869,carceropolis,2e742a2145bb2e15e7fdd7bd5349a498aee34768,3,3.4
2437699,mlsb-platform,55151cfa11edab0433e861887646cde17b7294a2,2.1,3
2470070,wp-foundation-six,c9a63dea546c50e3ab868bbf33b5237fc45d9cd0,2,3
2484863,blog,a2de4ecdcedad175d054de745dc5cfd26ce6f8a6,2,3
2484863,blog.alejandrocelaya.com,a2de4ecdcedad175d054de745dc5cfd26ce6f8a6,2,3
2484863,website-expressive,2d0c015e666f63ee1ebb74cc25771a12ea6321a7,2,3
2489017,mblog,3141abb6ea0489b9e6032b0a4aedf4fd077175cf,3,2
2489017,mblog,a421a0968fa3d9c2458370db9c0fa2c89d95cde8,2,3
2513934,academic-bloggers-toolkit,c257172a46e512aba1972d80d208310ed7de1d40,2,3
2513934,academic-bloggers-toolkit,5a57b8faab3adfa5e06c20e661273d76d4385a62,3,3.3
2513934,academic-bloggers-toolkit,8b90b66a2c9274b83ca314b157315e99003496ca,3.3,3
2513934,academic-bloggers-toolkit,a0446d670fcd9b72eee209c044008887267f2e0b,3,3.7
2514128,elk,5d9cdcb55a13852c4ed96e4e70331f6f55b29e3e,2,3
261129,honeycomb,0bc9a62c974e751e12d53965cfd69a16c332c044,2,3
268362,nakadi,fc0c7e82c1d194d136cdf0e125965d7ee5d1e62b,2,3.7
268362,nakadi,408efbf29e53605a9b683c4f6524a6f2024cd4c0,3.7,3
268362,nakadi,4750fdf0eec17854a44642bcb872079f1c9452f0,3,3.7
268362,nakadi,6d072fe2a9a928a962a38f64208a69cd0ed2d2c1,3.7,3
2698693,sct-snapshot-rest-api,14c90ac8bfee93718732d0a8128ee0e7c80cbc1e,2,2.1
271301,agrc.github.io,7516d207753119ec476922c24f3b34a06880ed3c,2,3
271301,agrc.github.io,873a43337ef21fb3d1f4bb4f5045a01bfb93f6a6,3,2
271301,agrc.github.io,ff914b4a2b6c4fa5a882624f9b43d4b250be79fa,2,3
271301,gis.utah.gov,7516d207753119ec476922c24f3b34a06880ed3c,2,3
271301,gis.utah.gov,873a43337ef21fb3d1f4bb4f5045a01bfb93f6a6,3,2
271301,gis.utah.gov,ff914b4a2b6c4fa5a882624f9b43d4b250be79fa,2,3
2719296,serilog-sinks-splunk,9ca12b5ad65997cdd63d263d7aa4009a1d5da149,2,3
2732948,AFDG,af307c0bff05856ef0f2fd303e4e85ac4910dada,2,3.4
2744225,play-with-docker,686c861928d1ea9e0cb3e08e6c0591e5d984c975,2,3.2
2772083,docker-flow-swarm-listener,f0427aae3fd8c6a17d3163c701652ec810dc93b9,2,3.2
277808,freedomvote,5114d2a57e6cfaf550fe442d806f3bf467b440ba,2,3
277808,timed-backend,196ceadd92b5de2548f37315892184de1654741e,2,3
278710,reactive-kafka,e6c225d47a92ca3881e7d11a995c7354ee9bcf4d,2,2.2
2812073,starterkit,28a518ebcdab82eb09248dddd9055707f17e1166,2,2.2
2823113,go-gin-wrapper,25d0aaf10d364961a7edee1e7730db452eeb2bb1,2,2.1
2823113,go-gin-wrapper,f4a95d4b0b64c7bc16c592510bd6bf91f4cc2dee,2.1,3.0
284987,php-db-migrate,d257ecc185055ba1af80e6c8fe87087def5c8584,3,3.4
29053769,typeorm,fb877511566f558e46035b7f56eadfdd7471f3c4,2,3
294529,Caldera-Forms,8f7f02f399227639bd4c7ea9da4ef2830eb9f4a0,2.1,2.2
2957837,fixit,b5ed7bdc80aeb00d9791f6ce86112499b48d4f68,2,3
301764,docker-compose-development,5e290a8e157526c1e83ab43752fb893635a168a0,2,3
3021926,imixs-microservice,371dccdb731c1df565df3eeabc70d7c13b2bb31d,3,3.3
3023530,splits-io,1969addf60acf1694611df544b3d2dca1431200d,3,2
3023530,splits-io,075802a7cd110d764b42b196499da98f23fe9e34,2,3
3023530,splits-io,e97c0b9074c4fffd41cdcc5666951a36d1570c43,3,2
3023530,splits-io,d4357d7e029a175f12306efa84bd3eccf14ac028,2,3.7
30383467,boldr-api,6c3780e68e1873096a86b83a5485b526793c3eae,2,3
3043603,inspire-next,11e4d057d1f7f72a02dca1a88362793a42a1a4e1,2,2.1
30814104,MusicCampScheduler,87fed4de2d0f06546182562b32f15588b5da6560,3,2
30957,kivy-server,fb7cdb633a6a5ae32acccfa7eb338ca6b77824eb,2,2.4
31035589,zabbix-promise,5e56188ed750f1947ff1bef436b0bac39056ab92,2,3
31079982,WildBeast,ffd5c0200f9d1106e2c0137f008d8eff982e04b9,2,3
31624249,EDDI,3ac111444293cec7fc8d6ba7f74c4e80d24a705a,2,3
31698,webapp-boilerplate,57b8e845810dabd2e67a6dd6b3d1cd7dbcb14773,3.5,3.x
31698,webapp-boilerplate,d6f6c49bccc69934b2621963494d10bf7b7b1602,3.x,3
31698,webapp-boilerplate-webpack,57b8e845810dabd2e67a6dd6b3d1cd7dbcb14773,3.5,3.x
31698,webapp-boilerplate-webpack,d6f6c49bccc69934b2621963494d10bf7b7b1602,3.x,3
3283918,typescript-node,ff0b56e671429ce6fb9058d9633334a65cf57504,2,2.1
3299868,website,5ad7188ec93d91e8cccfe566e7512363d582e8fe,3,2
3386645,earkweb,e3694db09499e7d6b4d5ba3fedbb0d6bafc968fd,2,2.1
343259,osu-web,6bf6910e8a7492b2ca96212a5f1222be9ba0afcb,3,3.4
3453234,whats-open,e3704bcbfbee33343f3eae016cadad572f5aa907,2,3
3480713,PowerDNS-Admin,5fbef40038df787912728fd53082c4090f5325f1,2,2.1
3485151,hospitalrun-frontend,b5ba2018a87cbbaa1b8a7d093b5f36654bfd55ef,2,2.1
35329,database-as-a-service,bb8d474b9658ed67e729795be9a1f26d591376d6,2,2.1
3561530,cerebrum,cd12eb53ddf32f8e4b89fe6faab534415b868c1d,2,3
3569669,eq-survey-runner,cd3cddafcdf1b4fa6cd90e7be8f0534153629d3a,2,3
3693955,viaduct,93af50e37b9b30e91dbd4de25dd149bb6ef2434a,2,3.2
3693955,viaduct,66af8d083750b6cf7199c14b2d5aeee693ede773,3.2,3.4
3752258,tests-cucumber,657e2e657afcde889ec5e03aa1e284d452585d87,2,3
3752258,zucchini-ui,657e2e657afcde889ec5e03aa1e284d452585d87,2,3
3772787,WebODM,f310826f14a969879d0af527e93d3f3552c011c1,2,2.1
3869109,openbazaar-go,2b8317427c29c950a0b1508734353c490b92bfb6,2,3
3911744,xen-orchestra-ce,d2207ceb963f2c701c74b5ec4820c2ff1f75e934,2,3
393551,StepBundle,1104cbb61fc5e4778cb46cfdaf13f03436a70502,2,3.3
4073,hackathon-starter,c9ab8844f7005a7348b0ed783c35d10814dba722,2,3
4129506,MoeBot,3c4c23ee5c517fa1f11fb3e75a21137a2ad1b50a,3.1,3.2
4307192,concourse,fb668bed61a1f756bc49170b86b20aa95efa0373,3,3.4
4307192,concourse,7e14d97b7868185d40fbc75a666b0e570898f932,3.4,3
4386707,micromasters,b12dfe8ac66bd98b6b381c99e095c19cf6cf0725,2,2.1
447895,receipts-rest-service,5037543a1902e6d264c82e2aebbfafa6d21fee2c,2,3
45727,nginx-build,6cc4b93e00ce116b47da8ba2cde011371f06fb8c,2,3.3
4573151,AspNetCoreSpa,09a8b841bbb699d66bf3c936a6eee1a8456501d6,3.4,3.6
4594874,fetch-django,756f87355decdfe3cfe3a68db07ca97875e143d1,2,3
4646599,docker-nsolid,63476ceb1596add618858ff1332b6d3050a6b1b3,2,3
47277,contraq,f3bdc9e27e1a18a85548002461b330084d34968d,3,3.2
473605,private-tor-network,7870cd5b5e848f7cd1fc9546d92e7a76959a8616,2,3
485345,wp-graphql,2f6add3cdb0d4dd2c10a7f56374efa116b6f6b09,2,3
4890355,cozy-desktop,ec18e663d79a71fef701077e92e4350b6985030e,2,2.1
5112793,web-umenia-2,f7ed8a43ac3d49a4f9ccfcc6089576af74e6def6,3,2
51270,wetty,c14ee990811d8b4a7476a93d139c675ad9bb2ff4,3,3.5
5275533,home-web,b0c19d92ac65fc4d21a1b062646bf8d381695d2b,2,2.1
53208,libreborme,cd669f58f1a70de34ead5bedcde964b74fded937,2,3
54788,raster-foundry,e0c4b458b002afc673a9adbf2890ebdc9ff8db1b,2,2.1
54788,raster-foundry,06e141d399ef4d83ed08e140d1d458ade5e3d88a,2.1,2.3
5484364,pitherm,415b146e9c04fae5a61fd33c3a0fade48e1c9ad2,3,2
5519598,naxos,7292f1834eda266d6a09bfa909fc53197f689897,3,3.1
552249,DIM,d4a8b1e697d3a536c3a0c441d40fe62be2f578e9,3.7,3
5638624,website,4d707d2215baadaeae4400a89942e50182aadaa8,3,3.7
5734604,filterlists,79657e2eb8f8cd020eeebd834bc925e7a4bd66ba,3.4,3.7
5746,django-osgeo-importer,259340b3f9e06e7e74269b19c06f9edfffad6038,3,2
5762760,MedBook_,831a8176b932098e52f998d3c94133f9bb6b6719,2,3
5762760,MedBook_,40b140d7f0f25afd527f0a86cc6a6e78c5083667,3,2
584642,OIPA,e666324d8773df673e4a503a36160ff6606e2f63,2,3
5943917,aigar.io,eafb7e841ea3b0727f7328beb175a786dc3df9d9,2,3
5986677,identity,c67bd39bc1f0e74bbdb3ec88403dd12400691af0,2.1,3
605492,angular-seed-advanced,0230c1ba63fba4783bb12068586dd7b73df39866,2,3
60628,homeland-docker,efbea9e76fe439ba161b1bffa42efc96a7487070,2,3
6079335,boulder,aef2fbb13feed1ee7112d16667be3b46736f694c,2,3
6117165,Docker,f7b8178533d0a6d951bd7f03ab432a1994f5d0da,2,3
6135600,Caldera-Forms,8f7f02f399227639bd4c7ea9da4ef2830eb9f4a0,2.1,2.2
6164807,WildBeast,ffd5c0200f9d1106e2c0137f008d8eff982e04b9,2,3
6167902,functions,f3b07290d095c18c3d11ba53c483dfd2047f938b,2,3
6169358,tmlpstats,00febc3e6226cca8abab05883e538f504c442f9e,2,2.1
61740,fam100,3aa0f76dc030d535f92b11ce27fc7e6aa76f03fc,3.7,3.0
6206609,Drupal-Scaffold,27f1491ff38458ad5030f28e82184be9cdd7ae0c,2,3
6260305,bookbrainz-site,cbbe14560d55a49a8306a348daac4837b7cdc4b5,3,3.4
63289,docker-rails,c10f34981d5dd2f86e1b1f97e11c95704f6114f6,2,3.2
63289,docker-rails,93c99907fcd1f67fba49b96dafed93ed0f65114f,3.2,3.4
6539221,algobox,c6fe6f1e2fb052a55746e8f9b0f1b179a0724b04,2,3
6722602,frontend,0ea59303b38163e9c18dae119ff475040379b20f,2,2.1
6739908,DukeDSHandoverService,7dde17eb220524ea3f979f010eca7f6e6a895e68,2,3
6740754,nodock,42d0264186f03ed260353eb5387f749874b4c330,2,3.3
67546,browbeat,72cb74932f04b9a233eb6e5df77c817ba0d2282d,2,3
67546,browbeat,57352582d40984f6476b4e8d85d570727a3d7584,3,3.2
67546,marli,39498532affbe1bd840a52c059ccef4cf6c2ebd6,3,3.7
67546,privileges,535f877debd4c77cbaa8adb2f1e1548d3cbd4278,3,3.2
67546,privileges,305a8b7ab6a5db4b25ca4bf8e52a92b1731f28fa,3.2,3.7
68090,vim-bootstrap,71d23cb19f556c494b9b5a0abcaf06f3783a3ddd,2,3
68090,vim-bootstrap,ea27f3523263ad152a8c69b8e6395e4235dfef36,3,2
683314,influxdb-nodejs,d0f8545cc3d004c2b861a47651d4643507dbb7dd,3,2
692828,docker-compose-akka-cluster,ff32b64d3f6f27f80dedc4060022507a45f6253c,2,1
692828,docker-compose-akka-cluster,01233c393e0a9865ab2f113bedd2a643ad78dfd9,2,3.3
7067223,sheedhet-server,df6395c24ef74478dd1e214658e4f8c81ab7c268,2,3
710665,nginx-boilerplate,1d491ab2407f49b1c6bc74efcd37c41c7c084329,3,3.1
7118275,forex,33a84e9b5c0bc463d79cacde49705a89a21fce2d,2,3
7170570,qashot,a822be69262e92e57001ea89bf674a239f6f9879,2,3
7170570,qashot,376ec1a4e201944c941c48d6f709974457ca87cc,3,3.7
71830,cnx-archive,8d502fff23cb2939d89c59a34377ba129975f083,2,3
71830,webview,50ba5bd3767e5414a210d68e67daa1aa163ce660,3,3.5
720739,dungeon,b5f7a53236312b31f40f77e8e5d0a735be3f822c,2,3
72776,curious,c573c2590f07ef3e5e6d106c2c47cecac6ba3323,2,2.1
7318318,blog-api,8b07f4a9cfa69ba822c60b566695196a27e7fc3d,2.1,2
737774,OctBlog,31ec80c32ef5d135acf9f3627839248c2ac11965,2,3
746744,Shacknews-Push-Notifications,7739a6d87045c485ae9aab68731e0371ebbf743f,2.1,2.2
7483087,sonicdipstick,762f29e1b599984e13f1accc0dd926ce357e1180,3,2
752966,embulk-input-remote,e2f13eb06d9a2a6c9b2e2fc07230ad5768dba4b8,2,3
77981,aleph,31558d71252923a2f8a06d9af4d0b3ec8eca46fe,2,2.2
77981,aleph,e16210b78f71b4a6418ff8ff6c0ed5232d754fe5,2.2,2
7798889,analysis-preservation.cern.ch,cfa7dc836435016e3a2c2b38f36fa4ae1f1ecc90,2.1,2.3
784093,itag,30772bb5bfeaf7b6e7979dd5919cee9a59c8b131,2,2.1
7874158,ezmaster,f54c59f4e5a6ef8df9a173ec4d97e4ff278f5a48,2,3.4
7942200,weaver-server,7620525fa5b1d71940aab54c2f6086c10363e973,2,2.1
7950850,Merci-Edgar,ef9e7fd499ace82bc97c7a4f350da35458e6500c,2,3.2
79874,tugboat,b454ac4cd1dd38aed01c3ab4c0b52952ab72b90c,2,2.1
8087561,home-js,5611bb64a401667eec2a76d78cf538f30e3fed51,2,3
8108809,rssmonster,8ffe81cb2bdc4a088d2e3750da13725fc554aaa9,2,2.3
8119829,e-pracas,ab5f1ad158376430941289f4c54146a630223e67,2,2.1
81573,paste.robbast.nl,600f7db2f3ecd13cf87f97a25e7636d0790f9025,3.3,3.7
817275,geekplanet,120e3ae5a9b3a0e84ee8f6f01a849c47a4529e2d,2,3
8268921,devilbox,edf788f6dd1f3d9a7e8356b0fb47a751460c36f6,2,2.1
8268921,devilbox,60b622c9f0f997c09b2d2ab49eb69fadc8c9b838,2.1,2
8268921,devilbox,be55e9a6f41809a7081b8c70138490a48702cc96,2,2.1
8317577,datavault,a66b70faa1a30c0d5898dcd60c596482c3cb52fb,2,2.1
8317577,datavault,fb77766da2fbf1ec456b0ad41d2bb5fcee6cf8bb,2.1,3
8379002,DIM,d4a8b1e697d3a536c3a0c441d40fe62be2f578e9,3.7,3
8383410,Arco,556e6b2edd924bbb3d7cde1196a756caf5fca691,3.2,3.0
8390186,craft-boilerplate,fb8dab1da08fad93541e2750c97ad5695eea0a07,2,3.2
8407011,DevDock,a5da45e7b9bc90b2fe265adef5671c1bcb5a2e1b,2,3
8445483,scraper,c8c0ea46afac53b38ac98d0ce96bc54d3d4d3a78,2,3
8549678,hack-the-arch,5df041f014290471d4a3e81c8411afce3dac0bb6,2,3.3
8686733,shortener,4bc86fb9a5ed57cf8fe48e12eb277778ee0ec204,3,3.2
8688607,woominecraft-wp,b6bfe82ee261f2aeaf730b07f14c7d166f507e37,3,2
8692178,quill,67413ef0738374af4a5d4fe5b3c95bd2c14fbabf,3,3.2
8692178,quill,df934b21fd2df217c9a777ba20bd1055937214d0,3.2,2.2
8713085,angular-starter-kit,ac0da98b3d82b45e18941e684275bd3bcf757b98,2,3
8715107,hsumd,12a6e2f4d1b61de560008c9347cf258c58eb384f,3,2
884879,sandbox-todo-app,65a818db74866f7cfe3dbec71a77ff062f3bd9c7,2,3
889112,docker-elasticsearch-alpine,da9e0721088e4448740d32a6a63c39c301cff454,2,3
889112,docker-kafka-alpine,902119bf0930944295aa1ad68d7834eb4c15eb74,2,3
903897,scroll,66bf98636c4446e84b7a1b1f8877f530b001fc0e,2,3.2
919725,sentinel-api,cd4f0edc209591e25e4a37d7dba06bbb3fb19b8b,2,3.1
9252301,docnow,54fe388137134167b6731ab8dfd2b3c8eb3d6e0e,2,3
9326089,api-platform,e7e1ed6b87920ba21e923d797139a5f02f62d387,2,2.1
9326089,api-platform,0726c249e090f73d28d6f2f7d1cfe93a1ae70fe9,2.1,2
9326089,api-platform,a5850204a416dd020f57edd4e9ef149fbd2d6348,2,3
9326089,api-platform,bdf7f3df122e0337153e9aeb64de009316cecf6e,3,3.2
9326089,api-platform,a87f074234b3e5f3cc6e742bd82f5957fa5145dd,3.2,3.4
932841,ancfinder,bc414a59cfcdcae9fa3752eb0980b3a1ebff2ea9,2,3
960998,just-the-video,a7423ab6a28de8473bcdf6adec96b4b77663d674,3,2
9635037,edegal,2cd46625b042ff4fe82262ce96a6d653ce37460d,2,2.2
9636875,pact-go,ccba397c4df38b994de0cdbb43fb016c5bf6d7f0,2,3.6
972196,cms,2196f886c1a9d4d41475dbf911b40859ff73a041,2,3
972196,cms,5ecdbbed585674752de66ce747f90f2811fd7992,3.2,3.3
972196,cms,43ad8ad139e533ee4e0d7956ecc53475cfc88c36,3.3,3.4
972196,cms,ddbfb9da99f121d04e8b7f16dca503510749f888,3.4,3.5
972196,cms,986daa5d872deca36ed1a713cef31389b682af6e,3.5,3.7
9742088,ruby-rabbitmq-janus,965ba2d8324b8827e366af466190c5d35bd549ac,2,3
9763875,pipeline,7c772a6ce7d12415e37d4acff7d4f95ae69aa640,2,3
9763875,pipeline,35ff912bdb8d39d5a77572a926a505a0b2a5a515,3,2
979533,isamuni,7147a1dcfdc868d3be34d8501f218089ef9c7a43,2,3
981422,openlmis-contract-tests,e1e52240110744a0ff6491756b4e64d6509b27df,2,2.1
981422,openlmis-contract-tests,486807653554d67ea716bab7443295492f594025,2.1,2
10025246,lms-sync,47453927658a1b263fd7a32c825b74e98cdd1fcc,3,2
10087361,BuBoard,ed4c22d6e6090819b92cb61211d0e1b254f91969,3.0,2.1
10111859,Adrestia,1f8e2045e16453bfc70eda9f1405a2e2260176b1,3,2.1
10193576,mojp-dbs-pipelines,071b2ecac11a62c266cd8e4f2d87aa37d4a3cde0,3,3.2
104459,rabbus,59db9ad7500a83e378ce90a1aee0842e1ef1f3af,2,3
1084342,jfmk-auth,20ac7f913674da578c365052714795f2b653b2ba,2.1,3.1
1084342,jfmk-auth,465a690619023ae7e63818d76c11cf7a64f46362,3.1,2.1
1084342,jfmk-auth,d813029cd9dff4b6a44e443d0c28b2fd4d863dcd,2.1,3.1
10856242,decidim,fe0cf3fa26cb5ea4e74216ca470c044abb937d57,2,3
10856242,decidim,9e7cc549ba77ffc5c7b8d2ab6e6f20475f3fa359,3,2
10856242,decidim,a4d04fdf21d4e9b1e25b8a1f1adfb8b3d5ab8da4,2,3
10897790,OpenWebslides,514eb7107fe8b2f15637c85788525565251e955e,2,3
11144516,kinetic_datanator,85777eef53c84fafaadb1d14af78aff30218c595,2.1,3
1129551,rowdy,929ac7209b7566d79bf24f78a4bf75b7f5f4f77e,2.0,2.1
11334863,abc-map2,cab1c5faeaf029adc5e8e6439bec17dddda88084,3.1,3.4
11651715,bookit-web,54f5a4cd3f7466bdf7b2ed831cd5235c5cca1792,2,3
11844,scyig-judicial,88e0cef2f5518a3e2bb6f23c95a8e48844af2b94,2,3
11844,scyig-judicial,3f1b94808550291dce47e7b8c8526f31ae618dc8,3,3.3
12136289,nevercodealone,ab1efaf2f92aa1dd3692e88ff9f39fdd411579c0,2,3.2
12136289,nevercodealone,be0aa497efb8cc99df91628b909a97831e098067,3.2,2
12183,recarguide,48dc45ddd72c8669be658360d3f1129bc350cba2,3,3.1
1221569,prest,029f2de0ba2a0349926241f1e249b6bf1b39c299,2,3
12246392,sesatheque,d8c079fbb40269a9e93a75baea81954dd283dc69,2,3
12246392,sesatheque,69912137d1db09144217dae8aab53b8042e4db03,3,2
12429652,anontown-server,54d78209680e5c3984dea4cbdb4aee60fc0a533f,3,2
12438360,party-pi,0580053b928fe733bf07a08dc6934e5eb48a4e49,3.1,3
12508344,OwnMusicWeb,a0c97b989eef40f60fe5ceab18b4146a3d959611,2,3
1332882,liho-ubun,3cdfb3715f97d6b0e3cafc6416c70c1f48c3e090,3,2
13540552,mastodon,75bd141e22aebb4a8fa94d96f926dff9f7e319cc,2,3
1369375,geotrellis-pointcloud-demo,fa08ff7df836859357aa5e12eb7dd636d3f2ba93,2,2.1
13822389,anabi-gestiune-api,1889329334ba3822fc1fb2d1217c06e3fb88bda8,2,3
13822389,anabi-gestiune-api,7c2f3128d439b3137c590065c3bec62ec7bfc501,3,2.0
140571,chariot,726b6b7c06f4742c534d60fdbdabfcd630393982,2,3
140571,chariot,ca5beac4ec6ad54887f57020bcb1671443f59e26,3,2
1411597,atlas,9fb3b244ec40a80fc6b244b1516b4868da9df644,3.0,3.5
1416059,Home-AssistantConfig,c31229ad01acf0773046a0714532c1cbc7f61ff2,3,2
14498946,runner_stateless,3d43f181b1ac589dfd95f2b75c19d89ff13acf19,2,2.2
14498946,storer,017e6f2b70e0fc58e5e0b48c220595b67a253906,2,2.2
1481178,influxdb,f3403e09f1b9d5d55d8a6eb43d8292ecc3d136cd,2,3
1481178,influxdb,a51fecbba39a209463269aa4c4cb64f2fafc523f,3,3.1
153034,cp-zen-frontend,114c9573d6e404419695ffa104ada81aa67b10de,3.5,3.3
1544935,impact-api,c62cc302b2609edcb8ce9dca87df19a07f311e0f,2,2.3
1544935,impact-api,e78456bf4f7dbb869e5ca8ef85909620a0a40689,2.3,3
1556072,lilengine,dc4667431c6064198ce0e73d56f845c3071ddc66,3,3.4
16050995,linden-honey,7d496b0bb0443123bda71aa59d490f1331ac756d,3.0,3
16721620,MMORPG_Prototype,3090bdffbdcd1b21fa8285d9f651c5ecdb8b757d,3,3.7
168187,datemo,b321f4b3c4ad771409784ca3facf767d5e3a9f15,3.1,3.2
168860,seedbox,e4b91d456e8c6800aa4d0ba81d8416fa7b18341e,3,2
204491,asgi_rabbitmq,dd5d8b0122b9bf43356b0d103dbbd21933751d7f,2,3
206287,spring-reactive-sample,4905b3c703194cd6fe3af9eba1ada70149550a59,3.1,3.3
2074628,rest-tutorial,b321ade8083998342d697c98e072dbe0ad81713f,2,2.2
2087189,swarmprom,71c4da190c286da68400890511f51581655bb04a,3,3.3
21051,python-example-graphql,f76f417193c2d2d1351335554bca2956c2b47ac7,2,3
21051,python-facebook-chatbot,8ad50adda6b1f4d21532411a8791c431f28ad3ca,2,3
2109549,docker-postgresplus,5f11586ddab2342a82941238c43c6fcb89758660,3,2
2109549,docker-postgresplus,e2c2f4fb01e2f212b8dc39238244c1438c11da04,2,3
235511,gofr,bd6eaf7373985f48613bea3551934dcd71094085,3.3,3
2359697,SteamyReviews,874ffc1b2e04623c1a4f5ac500eb794bef6df2cb,2,3
2398213,jsapp-boilerplate,961c53939731bd68bb94f9e367900b2adc9f6059,2,3
2483224,alexandria-docs,592dc7d470200593ef97234aa0f22cd56dd48a2f,2,2.2
2483224,alexandriadocs,592dc7d470200593ef97234aa0f22cd56dd48a2f,2,2.2
25325,catering-colectivo,b4e64a75f35144779af18ed555d79d11967521e7,2,3
2574738,albedo,22c92d1c696e9f0809e7eb44e198a6ee12f3b924,2,3
2618890,Django-CRM,c6cecb41a0f1eb185f7d8b05bea10350a0337b5f,1.0,2.0
2636001,magnetico,5507ca371ab627c0c129541d5fd81e6b6e02dbce,2,3
2648240,express-webpack-react-redux-typescript-boilerplate,149642aa31a003afedef776b1efcddece7e5a129,3.0,2.1
2648240,express-webpack-react-redux-typescript-boilerplate,38e29ab6281a17c9d2dd9ff29cd6207a58de8673,2.1,3
2648240,express-webpack-react-redux-typescript-boilerplate,6fd85f9a75167cc81916149ad276bbbeb928b18d,3,3.5
2648240,express-webpack-react-redux-typescript-boilerplate,51a922301111e5c8fd54b589f61849039d59163f,3.5,3.7
267932,steemprojects.com,ec55fc515b62b3d1727e5fc0e8c6d8ea63c39a85,2,3
30415879,angular-seed-advanced-spikes,0230c1ba63fba4783bb12068586dd7b73df39866,2,3
30527141,mediaserver,a46db512bf78f6f9834c7ce8f0b96caeca30c2d8,2,3
30527141,mediaserver,f04c65726fd16e243b832146122d8112e43b20fe,3,3.2
30527141,mediaserver,6184855db153c1a2605b1f836188de006ba452ea,3.2,3.4
30527141,mediaserver,072014047d6fd3d1631f9283a50d9ffb8ac29b17,3.4,3
30527141,mediaserver,44fdf02f58bc61f7eafaa562fa9e4cca8f7b2595,3,3.7
3060781,wordpress-heroku-docker-project,dde5ff3709401023f3ec52cc5d9e86c9014bdae5,3,2
3060781,wordpress-heroku-docker-project,311ccc2968151c8beba596fa9dcc195da567b60b,2,3
3089240,quasar_source,804d7159b8227330e147472b4722047ba2671428,3,3.7
31442536,Personal-Website,f9d7b0ab9e98de5f69ffae7be26f3f34db49ef3b,2,3
31442536,Personal-Website,edf23224211704f5db6a44963d8ab52788f6d012,3,2
31493449,uclapi,92ba8e3524475f68eb7d38a05af81f0ead06fb48,3,3.7
31784941,cobweb-django,9316d8b4cc835be26a32d91d0ad9f5f4a6ec795b,3,3.6
32100900,idseq-web,41acad37f09f9181f9f24a7a684faf6201a72f18,3,3.4
32116093,phage,54b740aa63ab12032d5b02a1b4eb61a76bd85ef5,2,3
32280343,BlogSpider,ec81f6d0618ee0d897bad54ea415bf8b45137d69,2,3
32356650,infra,86d8a09bd04db61b9d57bb038ddaa1ac5aae0c88,2,3
32467510,dishonored2-power-calculator,edf6337b85a168eb0b7e36df19973678681a49fe,2,2.1
32467510,dishonored2-power-calculator,569134c6725885d4a327f25162b4099a7853ac07,2.1,3
32539703,parliament.uk-prototype,2f581204868d5e320f3914eecb0e1cf14eae4512,2,3
32654976,draal-jsapp,9fa5acd2f10030563250dc25f3dbef2d1c287cc1,2,3
32920022,go-manager,fb7edc7e82a0f9496e86421451c7fda37387cc5a,2.1,3.1
32920022,go-manager,c5c03981fb8dc076d1247dbb2e3fd51850cc3a98,3.1,3.3
33069218,anonymization-tool,16274bf7a07cd7f930cb62d1ae328d98acb1ba89,2,3
33104619,rest-api,6f6a72b7a1b7b220be57fb77dd0b1ccb55a2098c,2,3
33104619,rest-api,9a99fc68f6bec82ce02893929257a47689d96431,3,3.2
33138794,polyaxon,8ece49385220388ba8f6fa1575398b978e9cb5ec,2,3
33164913,gansoi,e6682992247917f038bb6274d13bbf78cdd3bdc9,2,3
33505853,BlogSpider,ec81f6d0618ee0d897bad54ea415bf8b45137d69,2,3
33606308,kaaryasthan,89d8ffe49528039929fc0cbb3235b7c1f6629a0c,2,3
33695139,fexum,fb66f2072b5e33684ff1809e60a0bd679dbe85ac,2,2.1
33695139,fexum,be2eceff563bdbfc23ee756a973d37036f27241c,2.1,3
33849918,NZ-ORCID-Hub,e45772a45649144cd4772b41beed976c362e64f5,2,2.1
33849918,NZ-ORCID-Hub,0a93f2e703de9b15e52ed840dddb7b553c3ccffe,2.1,3.6
33849918,NZ-ORCID-Hub,ff23bab755241a715f4b1ed511b21ea9fdd73ba0,3.6,2.4
33849918,NZ-ORCID-Hub,ff1df4870d73d2d64023f1b0af2d20a155315957,2.4,3.5
33906400,swarmpit,904394fadb147277b7583b49317429d9261a31bd,3,3.3
34147206,compose_setup,fcfe4041ad8a95824765146af9b6fb3bbb315b44,3,2
34162848,scout-elasticsearch-driver,f11557fbdb324cc2472d690b5436176663f7ef70,3,3.7
34296384,nectr,311e760f4d6d644154d4ecf5d7af47a2f7a30aa4,2,3
34296384,nectr,ef50508fe2026a602fd573e8b7eabc0cb24f73de,3,2
34354837,play-with-docker,686c861928d1ea9e0cb3e08e6c0591e5d984c975,2,3.2
3452732,oada-srvc-docker,1aee22bb7d661fd1a7f464dd9f1085a938a95e4f,2,2.1
3452732,oada-srvc-docker,277557a2f0107546fc4c43748ddff168c6d1397d,2.1,3
34608619,aleph,31558d71252923a2f8a06d9af4d0b3ec8eca46fe,2,2.2
34608619,aleph,e16210b78f71b4a6418ff8ff6c0ed5232d754fe5,2.2,2
34608619,aleph,37568b53180d27da4192c6104b32ade647ee121f,2,3.2
34871437,cyphondock,a1d5e10afbd0943523f1cf90d0bb3d41d8a58b31,2,2.1
34886569,epflbot,b603df8224137b801bc4e3b85a8e2417c000eda6,2,3
35107776,decidim,fe0cf3fa26cb5ea4e74216ca470c044abb937d57,2,3
35107776,decidim,9e7cc549ba77ffc5c7b8d2ab6e6f20475f3fa359,3,2
35107776,decidim,a4d04fdf21d4e9b1e25b8a1f1adfb8b3d5ab8da4,2,3
35203957,symlex,7441dec20c7debe01cf59e1156580efbab5da755,2,3
35223479,gitpay,434c78240c8ae4ef8591eb4497aa1750d137f03c,3.1,3.7
35339268,kuhnuri-queue,718798768bb5891d8cc459fd91768a3c3c92139e,3,2.4
35339268,kuhnuri-worker,8bf96dc4c96e0b82c7dd0d53e061f859ac725cc7,3,2.4
35444554,pdf-service,acbbac6f36f4c07d8839f095ad8bf053106dea9f,2,3
35946559,dockery,810b1e73e5ad9dc3fa2d40b81c8b650294244117,2,3.3
36097342,centos-ruby,385534ce7610aae653061ef89ef1972a9d395cce,2,3.2
36304670,intodevops,6f57d25f1054de08cf36cd4e63d3fb74a0c03046,3.1,3.3
36323164,ammobin-api,37f8bd51ecef5c1cf9a6df0ff9ce865d7999c984,2,3
3654639,core,30830b8d742b37f81ad1191074e1fef66ba00b94,2,3
3654639,core,19123da5228a5d003a35af3450d147c8f1ed5df9,3,2
3678671,environment.monitor,221defe2735bcc117c6b1d941b5cac6764dcce2a,2.1,3
36967629,odm-ondocker,c385b52e606547798d0d578f38d0217e19082a82,2,3
37218652,picluster,10b8d3ed053252732d940b57130a139764c35f2d,2,3
37420273,missioncontrol,09c2a58803d07832c86ba0f81dd5bbf3076ac410,3.2,3.5
37470995,2017-gongmo,7dc1bb0fb73f5fb5f5e7efa7728516d21b76c001,3,3.3
37470995,2017-gongmo,687ac458f79aedaa09b84828ec8d44d95b44dabe,3.3,3.7
3759690,CVPZ,c9f1c95941c193aaca2a4f57b751f591c0166dc5,2,3
38165534,jenkins-pipeline-library,3cfa6f461ab00f3126f343b95d7cc0903e2af6ab,3,3.4
38387758,WoWAnalyzer,c82aa726906f052002c346299f345a1d085b6b48,2,3
38488668,pixel,33424f60df49cdc8b4f0914d5a1dd03d01835977,3,2.1
38627072,enrolment,748fe211c962927d828c160179db709dc31155bf,3.2,3
38627072,enrolment,0967927a08a05d61c3fd899f7efe27913bdf4666,3,3.2
38855422,arxiv-vanity,31e1014df72ac83f5078339d310f0bb5380efa31,2,3
400993,account-tool,d548f3e2283501a51f6b479ca8e442424f6b6444,3,2
407452,homescreen,460c27299c36121efd62c0a2f6c6bbc1a5b0c44a,3,2
407452,homescreen,f57aa7e51ac9360d6ee76d3c0658da02943369bc,2,3
407452,homescreen,8e84ac4151ff33c9b5a4b4a3ee9f79308d5735ac,3,2
407452,homescreen,c295f75ee1025706980aae9d3264126a9b585ad3,2,3
407452,homescreen,ada23e58a2988d15785818eb9501a3df04d374f2,3,2
4386707,bootcamp-ecommerce,50e7e75e75f612030cea54b3acd163504b3c7ac3,2,2.1
4386707,odl-video-service,757c501051d1be50d5a096f6522cbbfa701b4371,3,3.1
4386707,odl-video-service,0cfb0762883c6159c915283af235ecc60dd254a9,3.1,2.1
4386707,open-discussions,276483d37cdf0d71192b67fca9cd71c4b9cacd47,2,2.1
4488422,Drones-Simulator,e3f61fdadacfc1f3becd27021b7ccd550c9a9104,3,2.1
451009,typescript-node-starter,17ba2b6f7afbaed9bc5b702168f0feb5b460de46,2,3.4
451009,typescript-node-starter,90e75aaccc1c8cafb7f408bdfaf71e4b979ffce2,3.4,3.7
456148,angular-contacts-app-example,a1ea219b08a2a23f99ff19c24d7059ada4d51449,3.0,3
456148,angular-contacts-app-example,79883850724e2c629f1995ba677fccc3aae34185,3,2
456148,angular-contacts-app-example,f6e2e02dd459a6fb8a0a67bf580c0aae818aba34,2,3
456148,angular-contacts-app-example,d33f9c429f6f8e8e4c4b23108a863684232400f1,3,3.7
456148,angular-contacts-app-example,cd99155977e6a55cac8bc745199abb2f6ecad977,3.7,3
4745777,AP_ScoringGuide,aca6d2cb0a50b3847415b4712dad703531a41eac,3,3.2
4863900,Magus,ad9c0bbaecaa0e13d52440ed248aa4c70683e294,2,3
4997776,docker-hugo,6ca5e59fa7d93e7637a03552c22b6fc6ccbde1e5,3,2
527944,esgf-docker,21816a79c3525cccb1d9277038f50a1b36914de4,2,2.1
527944,esgf-docker,a250d785b1b89f13f54c7f3bb0713aa998e81049,2.1,2
527944,esgf-docker,fa5c44c22f1609cb6b0ce4a192644358b135865e,2,2.1
527944,esgf-docker,2af6aeaf34fca4ed483f318d1dc2cf8ded78ebca,2.1,3.4
5457646,SuperPACs,99d74585b873acfcaa3fb073742ced63cdb26ee6,2,2.1
549678,un-partner-portal,2b826339804b0b51766c0d003ae2657cb7f532f1,2.1,3
5556344,twinepm-server-heroku,f40868a28c098f2fac23c2753d7492e205860e1e,3,3.3
5556344,twinepm-server-heroku,f814de4390cec4f87000b4d2e96e3c7273782c7c,3.3,3
5821501,musicloud,d7aafc14661820b5449e73e8aa0a299a61ab57c1,3,2
617001,sessionservice,a8c21f7f65ed483db135e815a92ba212d9eee47b,2,3
6188638,CWLViewer,bf1cc8d84ac7084a4a44e14ddded301e26a32455,2,3.2
6208728,yii2-app-basic-improve,74407ef38bbdf42e1f19b85d880c35b0c9ba0e25,2.1,3
6208728,yii2-app-basic-improve,14763da2fc513e9c27ad6f9ccc22e531282eaee4,3,3.4
6222965,OCSPdash,c8377d012c00a7706ef91a6089c24f358f985841,2,3
6222965,OCSPdash,ded9269c5c3ff8cc19643aeaa4766907a1a3c5fa,3,3.6
6222965,OCSPdash,89dedd64dc07e5760a3a258bcfe4632b167200c9,3.6,3.3
6457814,firefly-server,853e83e98e1e66ceaf72cec64e3f8f787e3ec22d,2,3
6503397,django-blog-example,14ab793b0122f32050682fd33e0a40ce50d86d2f,3,2
662521,ponytone,01546fc4bb994f0b0ddfd5fc815d9c789ecbe4e4,3,2
66777,stacker,694ed4a7f2037c014418abc0a204f68860d9ced5,2,3
6758750,flindt,2c5b65e99ea1d562b42ac9bcf72126195f9fc16a,2,2.0
7217705,loopback3-connector-couchbase,38a0c1397a529e037f0650af9dd99ea350ecb87a,3.3,2.0
7267227,web-polls,b67fde022e2ccd71c38f64519666b0ba3d3ab849,2,2.1
7464,elm-elixir-starter,95e1f160f3be449fdbd2ba237756e2fe4c196bea,2.0,3.0
75280,aethebot,13bda95da2ceb98d90a76b798a85abd2bd6768ed,2,3.5
7709826,moonship,19d05e00664d5e75f5eefe7ef36904ab32f72a7d,3.3,3
7812797,tesDeploy,d6323d5deefa71dfbe31b84d56ffd67b3166d00c,1,2
7821683,cheat.sh,06af6b158779f07106fbdb488b3b9e6c07109e15,3.6,2
7827293,fizzbuzz-twitterbot,d48b1ea1a9e5e45828f728bcac27dbba591e2101,3,2.1
7844108,CyberWorks-3,99a1ddce9538f925485b59e1fdb139940f779106,2,3
7941965,morpheus,be64c4313744ffa615fd48c57cdf8007f9b1c4d0,2.1,3.4
801177,mediabox,98a367ac01129e56c88ebba6f7e38ccd43d0fa3b,2,3.5
8279886,sc2league-server,18476838788264e6c919af77913e21eadfbc5327,2,3.3
8713085,React-Fullstack-Starter,20942f4486c95b49cab99a1eed2a8f0c2bf32166,2,3
8713085,Web-Starter-Kit,1dabf1f217661ccf93a57201f66ac47a980b94f6,2,3
8717909,dmptool-docker,f2b51ab06803d2e76e9d5a9ee3eda6b7f1ac62b6,3,2
8739103,wenalyzer,7c9d765d1debb95a5fdbc6b5f3d1ae475e386c67,3,2
8751855,vetManager,9f0804279a722108bb47fcffc39a36f31210d12f,2,3
8979781,uprise-app,7b460d075f497a434e1504ca8f28184246092185,2,3.0
9283509,release_manager,3f896d96009fa4bcfb4d6b16e666a61dd1887362,2,3
9455543,Services,ccd3053075f3f48f84fc1ee12248ce53d3985cda,3.1,3.4
9568884,androgee,a8d0a2507e1d65fbb5a8a0cb900004d237f166bf,2.3,2
9685478,course-github-org-tool,faacdce36becfbd054cf55829c76edbaa6329d53,3,3.3
9778839,boilerplate-api,0f4d8f683eafec57db2c827141bbe5d81f12947f,2.1,3
9778839,boilerplate-api,8514d49359cfa7e991f7c109a05efa3f17fe90e8,3,2.1
9778839,boilerplate-api,554bddce401a2a7605d1df8fad3fb677149c78b9,2.1,3
9778839,boilerplate-api,bc4c9be6b165d128ef1940dd1b54a35a5e9e4c15,3,3.2
9778839,boilerplate-api,ea43231e16be2f97c97cc44999d79f43543d7f77,3.2,3
9778839,boilerplate-api,fa4a261f687a165fe09bec0681abf0b642385b23,3,3.2
9778839,boilerplate-api,482cd31eee199a188d41482c9cb254e6dd2a0e65,3.2,3
